Turbidite,Dx (10)_Lc2,Dx (50)_Lc2,Dx (80)_Lc2,Dx (90)_Lc2,Dx (99)_Lc2,Mean_Lc2,Sorting_Lc2,Thickness_Lc2,RBD80_Lc2,MS1_Lc2,RABA_Lc2,nRABA_Lc2,MS1_Min_Lc2,RABA_Min_Lc2,nRABA_Min_Lc2,MS1_Max_Lc2,RABA_Max_Lc2,nRABA_Max_Lc2,Dx (10)_Lc3,Dx (50)_Lc3,Dx (80)_Lc3,Dx (90)_Lc3,Dx (99)_Lc3,Mean_Lc3,Sorting_Lc3,Thickness_Lc3,RBD80_Lc3,MS1_Lc3,RABA_Lc3,nRABA_Lc3,MS1_Min_Lc3,RABA_Min_Lc3,nRABA_Min_Lc3,MS1_Max_Lc3,RABA_Max_Lc3,nRABA_Max_Lc3,Dx (10)_Lc4,Dx (50)_Lc4,Dx (80)_Lc4,Dx (90)_Lc4,Dx (99)_Lc4,Mean_Lc4,Sorting_Lc4,Thickness_Lc4,RBD80_Lc4,MS1_Lc4,RABA_Lc4,nRABA_Lc4,MS1_Min_Lc4,RABA_Min_Lc4,nRABA_Min_Lc4,MS1_Max_Lc4,RABA_Max_Lc4,nRABA_Max_Lc4,Dx (10)_Lc20,Dx (50)_Lc20,Dx (80)_Lc20,Dx (90)_Lc20,Dx (99)_Lc20,Mean_Lc20,Sorting_Lc20,Thickness_Lc20,RBD80_Lc20,Dx (10)_Lc21,Dx (50)_Lc21,Dx (80)_Lc21,Dx (90)_Lc21,Dx (99)_Lc21,Mean_Lc21,Sorting_Lc21,Thickness_Lc21,RBD80_Lc21,"StdevThickness_Lc(2,3,4)","StdevD80_Lc(2,3,4)","StdevD10_Lc (2,3,4)","StdevSorting_Lc(2,3,4)","StdevThickness_Lc(2,3,4,20,21)","StdevD80_Lc(2,3,4,20,21)","StdevD10_Lc(2,3,4,20,21)","StdevSorting_Lc(2,3,4,20,21)"
1995,3.733,17.2,34.8,48.3,97.2,15.506,2.677,32,1.088,-0.574,-0.257,1.154,-2.964,0.532,0.645,1.054,0.569,1.727,2.378,9.15,18.6,25.9,60,8.562,2.526,41,0.454,0.653,-0.565,-0.037,1.351,-0.518,0.068,5.497,-0.838,-0.194,1.165,6.07,15,24.4,48.7,6.108,3.119,33,0.455,0.948,0.516,0.554,1.172,-0.164,0.291,8.935,1.204,0.768,6.09,21.8,39.6,52.5,94,20.374,2.358,41,0.966,6.36,25.2,43.5,56.1,93.1,23.05,2.346,28,1.554,13.961,46.259,52.968,15.078,16.537,42.135,57.609,15.343
1989,0.561,4.03,7.49,10.3,22,2.561,2.539,9.5,0.788,1.376,-0.86,0.152,1.008,0.467,0.108,1.977,-0.828,0.105,1.992,6.34,12.4,17,30.8,6.117,2.317,23,0.539,-2.18,0.163,-0.12,3.12,0.612,0.257,-3.536,-0.193,-0.43,3.09,8,17.5,24.3,44.7,11.116,2.366,19,0.921,-1.788,0.671,0.394,2.355,1.051,0.496,-2.069,0.221,0.358,2.79,11.7,22.9,30.6,53.5,10.83,2.597,19,1.205,2.19,8.27,17.8,24.9,46.4,7.862,2.568,17,1.047,40.393,40.16,67.419,7.164,28.428,37.574,46.125,5.264
1964,1.702,5.54,58.2,89.6,172,9.651,3.964,13,4.477,0.233,-0.639,0.077,-1.073,0.03,0.145,2.759,-0.709,-0.12,2.853,48.8,110,151,349,31.52,4.665,32,3.438,2.091,-0.36,-0.189,0.232,0.009,0.127,9.355,-0.686,-0.425,8.253,41.7,67.6,86.1,143,39.338,2.583,47,1.438,2.221,-0.038,0.142,-0.134,-0.568,0.26,5.916,0.524,-0.17,46.7,105,159,193,272,101.348,1.812,53,3,25.6,57.4,90.7,112,173,56.114,1.808,32,2.834,55.563,35.11,81.924,29.662,43.972,41.267,112.498,42.29
E1,2.75,9.64,21.4,31.5,69.2,9.498,2.559,23.83,0.898,0.368,0.668,0.224,-1.232,0.951,-0.044,1.328,0.995,0.392,7.88,48.9,94.3,131,295,43.143,2.869,98.09,0.961,2.422,1.514,1.129,-3.376,0.363,-0.137,1.15,2.919,2.727,4.94,22.6,40.4,52,83.8,19.857,2.471,47.81,0.845,-0.379,0.122,-0.118,-1.787,-0.077,-0.177,-1.096,-0.01,0.255,5.06,28.7,54.1,71.1,121,24.31,2.753,48,1.127,7.68,35.9,62.7,79.9,123,31.55,2.472,38.68,1.621,67.505,72.678,49.598,7.937,55.063,49.721,37.834,6.797
E2,2.53,6.02,10.8,14.6,30.7,6.031,1.972,9,1.2,0.37,0.91,0.095,0.722,1,0.108,-0.796,1.055,0.062,4.27,34,77.6,106,185,27.215,3.433,34,2.282,0.308,0.875,1.073,2.252,0.057,-0.114,-2.923,1.42,1.845,5.16,21.5,38.1,49.1,78.3,19.273,2.384,21,1.814,-0.161,-0.119,-0.162,0.789,-0.131,-0.162,-1.107,-0.382,-0.655,3.85,20.8,41,55.4,123,17.844,2.786,29.66,1.382,6.42,31.1,55,70.5,109,27.086,2.5,22.18,2.48,58.609,79.649,33.554,29.02,41.281,54.985,32.718,20.762
E3,1.98,5.89,11.6,15.7,28,5.724,2.231,10,1.16,-0.949,-0.186,-0.032,-2.289,0.23,0.061,-0.825,-0.389,-0.196,2.8,10.9,20.5,27.3,50.5,9.943,2.389,11.942,1.717,-0.504,-0.868,-0.453,1.16,-0.604,-0.168,-2.943,-0.868,-0.814,4.81,20.3,36.3,46.8,75.9,18.123,2.405,9.39,3.866,0.117,-0.285,-0.108,2.725,0.038,0.117,-4.109,-0.438,-0.627,6.61,28.8,49.4,62.8,98.8,25.688,2.388,20,2.47,2.9,23.4,46.2,60.6,96.7,17.56,3.182,31,1.49,14.504,54.867,45.551,4.109,56.398,49.82,49.039,14.976
E4,2.29,5.93,10.9,14.8,29.1,5.871,2.055,8.5,1.282,-0.658,0.226,0.02,-0.294,0.575,0.046,-2.839,-0.026,-0.012,3.23,11.4,22.8,32.5,83.2,10.917,2.443,13.62,1.674,1.654,-0.316,-0.36,3.123,0.019,-0.19,-0.952,-0.701,-0.627,3.67,15.8,32.1,43.3,75.1,14.339,2.59,24,1.338,1.715,-0.546,0.05,1.678,-0.204,-0.14,-1.11,-0.847,0.218,11.1,36.1,59.2,74,110,33.466,2.136,19,3.116,11.5,42.1,68.7,85.2,125,38.629,2.215,18,3.817,50.141,48.449,23.012,11.694,34.473,63.09,71.423,9.72
E6_1,2.28,6.27,11.6,15.6,27.3,6.116,2.097,10.29,1.127,3.777,-0.333,-0.134,1.668,-0.052,-0.201,5.06,-0.671,-0.13,3.2,10.9,20.2,26.7,45.4,10.208,2.262,19.49,1.036,0.587,0.517,-0.213,1.847,0.912,0.14,4.981,0.176,-0.505,3.93,16.4,30,39,63.6,14.615,2.416,14,2.143,0.118,-0.096,-0.024,2.373,-0.027,0.061,-3.121,-0.077,-0.306,6.29,27.2,46.6,58.9,91.5,24.114,2.372,38,1.226,5.32,32.2,57.1,72.5,109,26.173,2.702,30.5,1.872,87.995,44.692,26.36,7.058,57.655,56.45,38.321,9.398
E6_3,2.17,5.69,10.5,14.1,25.7,5.605,2.065,7,1.5,0.697,-0.04,-0.002,-0.377,0.16,-0.058,0.938,-0.42,-0.181,2.33,8.02,15.6,20.8,35.7,7.507,2.325,19,0.821,,,,,,,,,,3.78,15.2,29.4,39,66.1,13.867,2.459,16.45,1.787,-0.694,0.345,-0.115,-1.938,0.639,-0.053,-0.133,0.176,-0.333,3.92,19.9,37.6,49.1,80.5,17.074,2.629,12.22,3.077,5.25,26.8,47.4,60.7,94.3,23.066,2.538,18.5,2.562,44.854,52.854,32.136,8.78,33.591,54.276,36.398,9.137
E6_2,1.88,4.31,7.72,10.5,22.8,4.347,1.955,4.06,1.901,,,,,,,,,,3.56,13.8,33.2,70.8,309,14.316,3.128,9.5,3.495,,,,,,,,,,12.1,35.5,58.8,74.6,119,33.813,2.23,26,2.262,-0.439,-1.046,0.035,-1.783,-0.519,-0.072,-2.127,-1.392,0.15,13.3,51.1,87,111,173,47.545,2.454,13.43,6.478,10.4,59.5,102,132,228,53.602,2.65,9.5,10.737,71.276,76.835,93.734,25.165,56.697,66.625,62.859,17.866
E7_1,1.5,3.77,6.7,9.08,27.5,3.756,2.061,7.676,0.873,,,,,,,,,,1.91,4.75,9.07,13.2,37.9,4.83,2.134,13.1,0.692,-6.967,-0.656,0.392,-3.594,-0.183,0.688,-10.145,-0.935,0.378,1.81,5.59,14.2,20.9,40.2,5.897,2.587,20.5,0.693,-1.623,0.317,-0.131,-1.069,0.75,0.05,-2.139,-0.133,-0.36,2.45,10.9,23.1,31.2,54.8,9.762,2.673,14.77,1.564,2.61,13.4,28.9,38.9,66.6,11.548,2.831,18.5,1.562,46.787,38.375,12.286,12.604,33.496,57.367,22.462,13.873
E7_2,1.96,4.45,7.93,10.8,24.5,4.49,1.947,13.45,0.59,1.468,-0.252,-0.097,0.588,-0.015,-0.132,1.843,-0.269,-0.147,2.19,5.75,11.9,17.8,43.4,5.924,2.25,19.88,0.599,-4.851,-0.259,-0.571,-4.632,0.234,-0.075,-6.157,-0.68,-1.057,3.45,11.8,20.4,26.2,42.8,10.962,2.189,19,1.074,-1.464,0.686,-0.13,-1.107,0.953,0.041,-2.141,0.347,-0.227,2.27,6.52,12.8,18,37.1,6.461,2.229,24.536,0.522,2.64,7.92,16.1,22.8,45.5,7.857,2.296,16.604,0.97,19.986,47.507,31.664,7.514,21.974,33.908,23.328,6.267
E8,2.55,7.47,14,18.6,32,7.22,2.15,19.27,0.727,2.011,-0.046,-0.013,-0.425,0.182,-0.062,5.808,-0.385,0.135,3.1,10.5,19.3,25.3,42.8,9.79,2.238,31.43,0.614,-4.196,0.183,-0.545,-5.694,0.107,-0.147,2.823,0.041,-1.265,5.31,24.2,43,55.2,85.1,21.211,2.46,50.427,0.853,4.124,-0.242,0.176,0.822,-0.293,0.173,9.855,0.042,0.143,6.66,29.3,51,64.9,98.8,25.957,2.402,51.59,0.989,4.24,25,43.6,55.3,84.3,20.151,2.643,62,0.703,46.584,60.717,39.986,7.001,40.113,48.031,38.051,8.109
E10,2.36,5.82,11,15.5,35,5.885,2.068,10.79,1.019,-0.876,0.17,-0.128,-1.513,0.176,-0.05,-1.429,0.148,-0.308,6.63,41.3,80.4,108,198,34.857,2.891,32,2.513,-2.154,0.737,0.252,-2.093,-0.285,-0.003,-4.322,1.501,0.973,4.11,16.8,32.1,43.1,76,15.248,2.473,23.178,1.385,-0.585,-0.322,-0.644,-1.509,-0.246,-0.169,-0.163,-0.45,-1.289,4.09,20.9,40.3,53.3,89.7,17.933,2.679,15.82,2.547,5.05,20.6,37.9,49.7,83.5,18.59,2.421,12,3.158,48.455,86.423,49.157,16.601,47.135,62.461,35.056,12.261
E11,3.49,36.7,78.9,107,184,25.819,3.743,25.107,3.143,0.142,-0.061,-0.057,-2.56,0.026,0.026,6.442,-0.161,-0.108,5.47,75.4,136,175,287,50.81,3.625,71.01,1.915,0.656,-0.245,-0.148,-0.295,-0.304,0.019,3.593,-0.527,0.014,30.7,71.2,109,134,196,68.867,1.924,87.861,1.241,0.567,-0.2,0.195,-2.691,-0.7,0.101,2.825,-0.088,0.686,39.1,122,192,235,347,115.304,2.196,80.98,2.371,23.1,153,245,304,451,139.129,2.573,70,3.5,52.96,26.456,114.754,32.847,36.646,43.709,76.516,29.489
E12,2.79,7.81,15.4,21.8,45.3,7.801,2.209,12,1.283,-0.885,0.555,-0.01,-2.612,0.643,-0.043,-1.697,0.623,-0.03,10.6,51.6,88.5,112,179,45.941,2.479,52,1.702,-0.452,0.173,-0.05,-2.46,-0.232,-0.076,-0.481,0.5,1.047,3.73,16.1,34.3,47.9,91.3,14.83,2.67,31,1.106,-0.016,0.22,-0.133,-0.824,0.123,-0.261,1.816,0.284,-0.032,5.25,19.5,36,47.8,83.3,18.111,2.381,20,1.8,3.02,16.6,32.5,44.2,84,14.123,2.775,17,1.912,63.184,82.367,74.715,9.458,60.286,66.831,63.667,9.021
E13_2,2.12,5.47,11.5,19.4,61.9,5.772,2.362,12.6,0.913,0.496,-0.01,0.453,1.267,-0.065,0.116,-1.025,0.142,0.909,3.59,12.5,23.9,34,93.7,11.927,2.407,27,0.885,-0.065,0.729,-0.338,-1.83,1.058,0.134,-0.671,0.522,-0.657,8.72,28.9,48.6,61.3,93.9,26.954,2.204,37,1.314,3.15,0.553,0.021,-1.135,-0.091,0.139,4.79,0.734,-0.232,12.8,30.5,46.9,57.1,81,29.337,1.925,44.7,1.049,11.8,65.8,114,147,243,58.201,2.587,43.5,2.621,48.039,67.453,72.038,4.591,40.572,80.805,61.382,10.839
E15,3.4,13.4,30.2,42.6,79.3,12.732,2.647,11,2.745,-1.137,0.174,0.163,-0.975,-0.116,0.097,-1.678,0.359,0.403,6.3,63.5,112,144,232,48.524,3.104,71.5,1.566,-0.207,0.191,0.057,-0.447,-0.24,-0.09,4.93,1.04,1.003,3.65,15.4,31.6,43.8,82.9,14.129,2.602,32,0.988,-2.714,0.093,-0.188,-2.629,-0.041,-0.183,-1.261,0.595,0.24,4.85,34.2,68.3,88.9,139,27.015,3.065,30,2.277,4.54,23.6,49,65.6,107,20.52,2.8,28.21,1.737,80.483,80.831,36.113,9.962,64.529,58.074,25.274,8.161
E16,4.95,46.7,78.4,98.1,151,34.459,3.012,28,2.8,0.083,-0.426,0.141,0.009,-1.146,0.03,-0.721,-0.465,0.739,4.57,68.8,121,155,247,45.044,3.714,29.5,4.102,3.863,-1.149,-0.422,2.513,-0.445,0.066,8.9,-1.573,-0.786,4.75,23.3,41.9,55.3,97.7,20.931,2.568,41.192,1.017,-1.621,-0.223,-0.287,-1.652,-0.077,-0.055,-1.264,-0.435,-0.206,10.8,40.5,66.9,84.2,127,37.662,2.343,45,1.487,20.1,60.7,92.9,112,156,57.085,2.17,40.78,2.278,21.954,49.22,3.996,18.648,20.689,36.731,74.365,22.413
E17_1,2.26,8.05,20,29.7,62.9,8.108,2.705,11.5,1.739,-0.512,0.158,0.174,-1.062,-0.042,-0.005,-1.912,0.13,0.398,2.2,6.84,15.2,22.3,48.3,6.898,2.449,11.33,1.342,-1.046,-1.055,-0.45,0.355,-0.457,0.04,-4.223,-1.532,-1.146,2.62,11.1,23.4,31.9,57.2,10.138,2.614,17.74,1.319,-1.176,-0.494,-0.137,-0.763,-0.253,0.037,-3.277,-0.792,-0.49,3.35,14.8,30,40.5,72.2,13.292,2.607,18.23,1.646,3.17,16,32.5,43.3,73.2,13.8,2.725,14,2.321,27.011,21.091,9.625,4.998,22.699,29.327,19.204,4.16
E17_2,2.44,6.47,12.2,16.5,30.4,6.404,2.09,10.78,1.132,2.053,0.104,0.112,1.919,-0.034,-0.036,1.035,-0.101,0.165,2.91,9.43,18,24,41.6,8.965,2.25,9,2,0.849,-1.048,-0.405,4.314,-1.033,-0.107,-4.257,-1.233,-0.986,3.68,15.5,30.7,41.1,72.5,14.004,2.529,23.67,1.297,-0.947,-0.638,-0.259,0.211,-0.302,-0.104,-0.281,-0.508,-0.29,3.05,12.9,28.4,39.3,72.5,11.898,2.677,13.78,2.061,2.97,12.8,30.7,43.7,81.4,12.092,2.816,11.5,2.67,55.274,46.611,20.798,9.687,42.24,35.132,14.736,12.103
E18,3.04,10.4,22.6,32.2,66.4,10.162,2.482,6.5,3.477,-0.565,-0.132,0.132,0.909,-0.831,0.097,-1.992,-0.12,0.027,3.95,19.8,42.2,58.4,108,17.583,2.82,40,1.055,7.676,2.031,1.206,2.287,1.761,0.55,8.72,2.401,0.973,2.83,7.5,14.7,21,51.5,7.578,2.174,9.5,1.547,-0.115,0.535,0.012,3.195,0.378,0.295,-5.283,0.404,-0.427,5.92,22.1,41.3,56.7,161,20.814,2.443,9,4.589,3.28,10.3,19.7,26.8,52.6,9.947,2.252,7.55,2.609,99.3,53.429,18.188,12.973,98.543,45.484,33.006,10.319
E19,2.53,7.47,15,21,42.8,7.379,2.26,7.5,2,1.366,-0.105,-0.284,3.869,-0.219,-0.169,-2.099,-0.3,-0.407,5.22,22.6,42,55.6,95.8,20.266,2.483,15.34,2.738,-1.031,-0.218,0.037,-1.796,-0.529,-0.03,-3.351,0.391,0.273,2.428,7.705,16.125,22.875,50.175,7.603,2.382,10.34,1.559,-1.499,-0.529,-0.308,-0.869,-0.033,0.076,-4.292,-0.86,-0.82,1.49,5.02,12.9,21,50.4,5.326,2.824,11.39,1.133,2.16,6.38,15.5,25.3,57.5,6.824,2.576,12.45,1.245,35.889,62.663,46.676,4.701,25.171,60.026,51.734,8.527
E20,3.87,20.4,38.4,50.6,85.9,17.333,2.662,32,1.2,1.986,0.407,0.362,-0.179,-0.766,-0.029,3.771,1.486,0.942,4.05,21.2,44.6,61.7,114,18.468,2.845,64,0.697,2.019,1.15,0.976,-1.88,-0.048,-0.044,0.575,1.231,1.176,3.52,15.4,31.7,44.2,89.9,14.014,2.649,39,0.813,-2.124,0.431,0.397,-2.936,-0.144,-0.154,-2.301,1.578,1.449,5.44,20.4,36.4,47.7,80.9,18.777,2.341,34.78,1.047,4.13,18.8,35.2,46.7,81.4,16.732,2.535,26.71,1.318,37.384,16.874,7.067,4.04,36.928,12.806,17.392,7.121
E22,1.82,4.79,9.89,17.2,73.3,5.001,2.447,9.065,1.091,-0.07,-0.314,-0.051,0.764,-0.468,0.106,-2.383,-0.74,-0.277,3.54,15.9,35.4,54.1,120,15.043,2.854,13.67,2.59,1.431,-1.512,-0.461,2.03,-1.208,-0.034,-0.509,-1.885,-1.013,11.4,42.3,70.3,88.1,134,38.873,2.276,26.138,2.69,-1.263,-0.491,-0.333,-1.027,-0.216,0.035,-0.314,-0.928,-0.572,11.2,56.2,99.8,127,199,49.474,2.652,23,4.339,25.2,70.9,112,139,205,67.339,2.086,25.69,4.36,54.219,78.709,91.422,11.751,39.49,65.512,86.854,12.283
E23,2.25,5.56,10.6,15.2,37.7,5.656,2.098,9,1.178,1.247,0.585,-0.109,1.661,0.276,0.018,-0.662,0.777,-0.036,5.55,31.4,62.2,83.8,147,27.054,2.823,25.58,2.432,-2.753,0.12,0.405,-0.097,0.095,0.058,-6.632,0.726,0.593,4.33,23.2,49.7,69.5,126,20.471,2.904,21,2.367,0.231,-0.105,0.084,0.846,-0.127,-0.155,1.666,0.002,0.425,5.95,23.6,42.6,55.5,92.2,21.506,2.399,15,2.84,4.82,19.5,35.8,46.8,76.9,17.673,2.411,19,1.884,46.105,65.923,41.267,17.015,34.911,47.801,31.578,13.177
E24,2.21,5.93,11.9,18,62.8,6.036,2.271,5.5,2.164,0.282,-0.445,-0.145,2.539,-0.679,-0.002,-2.991,-0.666,-0.424,2.71,13.6,28.6,40.4,82.2,12.206,2.812,8,3.575,-0.918,-0.114,-0.153,0.766,-0.162,0.102,-4.774,0.001,-0.437,2.82,14.9,29.6,40.1,76,12.915,2.748,15,1.973,9.039,-0.186,0.51,3.71,-0.517,0.015,18.643,-0.008,1.108,3.22,17.6,35.4,49.2,93.8,15.398,2.809,24.13,1.467,4.11,20.1,38,51.1,93.3,18.02,2.614,32.57,1.167,51.836,42.552,12.601,11.325,66.298,35.467,23.578,8.565
E25,3.19,30.7,74,98.9,159,22.724,3.785,29,2.552,0.444,-0.417,-0.248,-2.539,-0.665,-0.174,2.797,-0.696,-0.137,3.13,26.5,74.6,108,227,22.065,3.942,25.5,2.925,0.929,-0.135,-0.26,-0.312,0.342,-0.062,3.142,-0.437,-0.532,8.89,29.8,50.8,65.6,125,28.016,2.256,47,1.081,1.511,0.278,0.225,-1.366,-0.008,0.016,3.629,0.453,0.631,3.64,25.2,50.9,68.8,121,20.663,3.056,44,1.157,27.8,77.4,127,160,249,73.602,2.037,46,2.761,34.097,20.418,65.254,28.002,26.684,41.223,113.664,28.668
E26,2.44,6.31,11.7,16.3,44.3,6.28,2.093,14.826,0.789,-1.142,0.682,-0.049,-0.758,0.414,-0.025,-2.794,0.606,0.146,3.11,11.2,22.8,32.1,65,10.673,2.459,24,0.95,-0.938,0.257,-0.323,-1.543,0.178,-0.088,-2.127,0.405,-1.029,4.47,19.5,34.9,45,71.8,17.263,2.426,41.96,0.832,3.68,-0.263,0.228,1.439,-0.235,-0.054,6.591,-0.179,0.974,2.12,9.92,22.9,32.4,64.9,9.144,2.907,41.63,0.55,3.81,18.1,34.5,45.1,74.1,15.703,2.579,40,0.863,51.254,50.16,30.969,8.69,38.132,38.116,30.298,11.771
E27,2.71,9.88,21.7,30.9,62.4,9.565,2.552,14,1.55,-0.936,0.544,-0.053,0.038,-0.163,0.045,-3.345,0.971,-0.289,5.52,27.4,50.9,66.7,111,23.874,2.589,61,0.834,2.251,0.709,0.696,-0.747,-0.272,-0.234,1.61,1.504,1.134,2.95,17.8,34.8,46.4,78.9,14.822,2.841,29,1.2,-1.679,0.142,-0.037,-2.742,-0.047,-0.12,-1.448,0.986,0.703,10.2,32,54.2,69.1,110,30.071,2.166,25,2.168,5.53,21.4,38,49.3,81.5,19.524,2.348,27,1.407,69.251,40.854,41.799,5.91,56.541,32.813,55.98,10.24
E28,1.88,4.93,9.63,14.7,55,5.01,2.277,5.391,1.786,,,,,,,,,,2.8,8.92,17.1,23.7,66.7,8.596,2.29,10.05,1.701,-1.829,-1.134,-0.678,0.22,-0.532,-0.069,-5.435,-1.552,-1.352,2.55,8.68,20.3,30.8,66.9,8.814,2.613,24.92,0.815,1.201,-0.127,-0.089,2.232,0.334,0.06,-0.454,-0.481,-0.129,17,49,79.9,101,174,46.869,2.125,26.31,3.037,11.4,35.3,60.2,81.7,208,34.174,2.3,32.8,1.835,75.812,34.928,19.739,7.961,58.416,82.374,94.902,7.684
E29,2.49,6.89,15.9,25.3,61.6,7.334,2.439,13,1.223,-0.78,0.397,-0.189,-0.063,0.313,-0.1,-3.617,0.006,-0.546,4.02,22.3,44.4,59.5,103,18.862,2.803,28,1.586,-2.475,0.096,-0.405,0.143,0.588,0.044,-6.543,-0.035,-0.416,3.99,16.1,29.5,38.7,65.7,14.522,2.395,23.7,1.245,-0.79,-0.28,-0.141,0.17,-0.23,-0.036,-3.469,-0.348,-0.042,3.98,17.3,32.2,42.2,71.2,15.39,2.474,25,1.288,3.92,16.9,31.4,40.9,66.7,14.976,2.46,19.5,1.61,35.815,47.622,24.995,8.806,26.601,33.036,18.104,6.536
E30,2.2,5.83,11.4,16.4,48.7,5.873,2.188,10.256,1.112,-0.797,-0.148,-0.125,0.928,-0.432,-0.114,-3.642,-0.257,-0.261,4.81,23.4,47.1,63.2,107,20.6,2.704,20,2.355,-1.293,-0.072,-0.1,0.127,0.591,0.208,-5.566,-0.582,-0.209,4.09,15.2,28.3,37.3,63,13.998,2.352,24.83,1.14,0.16,-0.391,-0.049,0.159,-0.21,-0.212,-1.471,-0.583,-0.139,4.35,17.4,31.6,41.3,69.1,15.709,2.386,26,1.215,4.53,17.7,32,41.6,67.2,15.975,2.361,22.51,1.422,40.429,61.723,36.432,10.915,30.332,42.307,25.969,7.835
E31,2.24,6.58,15.9,25,56.3,6.978,2.534,6,2.65,-1.082,-0.072,-0.207,1.908,-0.058,-0.041,-4.696,-0.486,-0.409,4.68,24.5,48.4,64.6,109,21.073,2.733,18.5,2.616,0.56,-0.137,0.25,1.101,-0.166,0.096,-0.602,-0.081,0.35,2.7,9.81,20.2,28,55.8,9.298,2.456,10,2.02,-0.135,0.058,-0.019,1.142,-0.12,0.049,-1.476,0.152,0.011,3.13,11.9,28.2,40.7,82.6,11.65,2.696,13,2.169,5.04,23,44.7,60.8,118,20.866,2.614,10.5,4.257,55.509,62.677,40.432,5.53,39.669,46.083,34.741,4.361
E32_1,2.01,5.05,10.1,15.3,40.8,5.22,2.201,4.546,2.222,,,,,,,,,,4.73,21.4,43,58.7,107,19.296,2.644,21.656,1.986,-2.549,0.278,0.264,0.065,-0.163,0.092,-5.655,0.231,0.202,3.9,15.6,30,39.9,69,14.25,2.453,14.99,2.001,-0.461,0.015,-0.09,1.116,0.241,-0.01,-2.482,-0.249,-0.269,3.89,19,42.5,63.2,141,17.417,2.921,20,2.125,3.76,16.6,36,51.1,96,15.298,2.727,17.59,2.047,62.812,59.82,39.304,9.126,42.863,41.808,27.296,10.602
E32_2,,,,,,,,,,,,,,,,,,,2.65,12,32.7,46,84.4,11.522,3.022,13.33,2.453,-2.006,-0.36,-0.266,1.02,-0.17,0.135,-5.723,-0.34,-0.803,2.28,5.6,10.4,14.3,28.2,5.632,2.031,9,1.156,-3.294,-0.074,-0.433,-0.917,0.293,-0.083,-6.49,-0.354,-1.083,2.19,5.99,11.7,16.1,29.6,5.962,2.165,9.74,1.201,2.23,6.24,12.3,16.8,30.4,6.188,2.181,9.5,1.295,27.423,73.172,10.614,27.735,19.076,63.465,9.051,19.283
E33,2.51,6.95,14.8,21.8,48.2,7.127,2.302,11.91,1.243,-2.432,0.296,-0.237,-1.149,0.048,0.06,-5.849,-0.053,-0.566,5.78,26.6,50.5,67,115,23.673,2.57,35,1.443,,,,,,,,,,3.5,12.2,24.4,34.1,72.2,11.621,2.41,16.46,1.482,-4.823,-0.086,-0.408,-2.921,-0.022,-0.204,-6.491,0.069,-0.649,3.43,14.2,34.1,51.5,110,13.817,2.839,17,2.006,3.34,13.1,31.1,47.5,107,12.849,2.78,15.5,2.006,57.903,61.788,42.669,5.572,47.286,42.575,32.951,8.958
E34,2.8,22.5,71.3,102,184,19.235,4.048,56.879,1.254,-0.722,-0.281,-0.281,-0.232,-1.179,-0.085,2.926,-0.352,-0.452,3.28,39.1,107,150,315,28.446,4.422,87,1.23,0.331,-0.427,-0.394,-2.077,0.078,-0.163,7.129,-0.803,-0.538,4.15,36,78.5,105,172,27.043,3.47,101,0.777,0.966,-0.418,0.036,-1.984,-0.174,-0.144,3.493,-0.267,0.137,15.7,56.7,90.5,111,162,52.637,2.194,89,1.017,12.2,83,137,170,248,68.104,2.685,83.81,1.635,27.621,22.055,20.068,12.051,19.464,27.045,77.681,27.524
E35,2.95,10,23.7,35.6,79.4,10.148,2.614,15,1.58,,,,,,,,,,4.77,23.3,47.3,64.7,117,20.568,2.722,29.97,1.578,3.497,0.859,0.584,-1.143,-0.058,0.044,8.024,1.52,0.66,3.03,10.1,19.3,26,45.9,9.567,2.287,10.65,1.812,-1.613,-0.18,-0.223,0.969,-0.144,0.009,-5.52,0.167,-0.616,4.27,18.2,39.2,57.1,117,17.162,2.728,11.4,3.439,3.32,11.2,23.9,35.6,96.9,11.064,2.51,8.02,2.98,54.665,50.024,28.701,8.923,56.174,39.012,22.066,7.108
E36,1.88,4.51,8.18,11.4,37.4,4.534,2.034,5,1.636,,,,,,,,,,3.04,13.2,28.1,45.9,182,12.458,2.883,22.967,1.224,1.221,-0.276,-0.594,1.775,0.363,-0.06,1.888,-0.755,-1.121,4.65,21.3,39.2,51.4,86.3,18.911,2.528,35.372,1.108,0.519,-0.085,-0.403,-0.092,0.177,-0.125,0.463,-0.472,-0.917,16.5,50.9,79.4,96.5,137,47.641,2.082,40.85,1.944,,,,,,,,,,72.328,62.471,43.607,17.186,61.048,77.487,103.586,16.854
E37,2.04,5.92,13.6,21.4,51.4,6.212,2.489,5,2.72,,,,,,,,,,4.77,22.4,44.7,60.7,107,19.936,2.653,19.47,2.296,1.761,0.03,0.247,1.688,-0.309,-0.162,0.738,0.229,0.426,2.99,12.1,25.1,34.7,63.7,11.212,2.567,7,3.586,-1.45,0.249,-0.107,1.848,0.608,0.168,-5.554,-0.082,-0.218,,,,,,,,,,,,,,,,,,,74.747,56.564,42.425,3.194,,,,
E38,1.64,4.41,8.87,14.4,60.7,4.53,2.414,9,0.986,,,,,,,,,,5.64,32.1,55.4,70.6,114,27.26,2.588,35.55,1.558,-1.477,0.155,-0.11,-0.377,0.527,0.014,-1.377,0.019,-0.151,17.1,47.6,80.9,105,182,46.081,2.173,54.698,1.479,2.753,0.006,-0.392,-0.201,-0.222,-0.174,3.431,0.03,-0.87,,,,,,,,,,,,,,,,,,,69.132,75.477,98.741,8.732,,,,
E39,1.88,5.88,12.6,17.8,33.8,5.84,2.402,16,0.788,-1.584,0.706,-0.222,-0.738,0.509,-0.225,-3.442,0.497,-0.45,2.54,8.99,20.2,29.1,60.5,8.834,2.566,13.34,1.514,-1.444,-0.309,-0.401,0.529,-0.097,-0.077,-3.55,-0.526,-1.148,4.61,19.3,35.1,45.6,75.4,17.319,2.424,24,1.463,-0.109,-0.083,-0.082,0.716,0.023,0.104,-2.594,0.213,-0.012,,,,,,,,,,,,,,,,,,,31.206,50.57,47.322,3.623,,,,
E40,1.7,7.21,27.8,51.3,124,8.398,3.797,11.91,2.334,-2.405,0.318,-0.382,-0.825,0.314,-0.23,-5.678,-0.121,-0.8,4.33,21.8,44.8,62.9,124,19.363,2.802,19.05,2.352,-0.818,-0.171,-0.302,0.478,0.309,0.111,-3.646,-0.579,-0.765,16.5,55.5,88.4,109,162,52.396,2.236,55.34,1.597,1.702,0.087,0.996,-5.329,0.074,0.342,2.391,0.132,3.439,,,,,,,,,,,,,,,,,,,87.782,58.244,105.138,26.836,,,,
E41,2.21,23.7,69.2,98.4,196,18.199,4.433,41,1.688,-0.074,-0.329,-0.358,-0.89,-0.664,-0.226,2.148,-0.533,-0.507,4.31,66.5,129,171,295,42.2,4.043,33,3.909,-0.216,-0.518,-0.359,-0.555,-0.297,0.046,1.289,-0.839,-0.772,4.57,42.9,90.2,135,277,34.44,3.505,61,1.479,-0.033,-0.715,-0.177,-0.366,-0.26,-0.113,0.38,-1.08,-0.297,,,,,,,,,,,,,,,,,,,32.049,31.559,35.006,11.663,,,,
E42,3.65,29.4,66.6,90.5,154,23.018,3.432,37.114,1.794,13.342,0.388,0.025,1.038,-0.363,-0.052,45.953,1.587,0.517,6.59,57.7,103,132,205,44.177,3.035,61,1.689,1.471,0.55,0.26,-2.595,-0.063,-0.271,5.21,0.914,0.708,3.4,18.7,39.3,53.1,91.5,15.906,2.872,55.5,0.708,-1.388,0.648,0.318,-2.402,-0.002,-0.159,-0.633,1.332,1.178,,,,,,,,,,,,,,,,,,,24.43,45.895,39.017,9.243,,,,
E43,2.61,8.12,18.9,28.4,62.9,8.351,2.506,12.83,1.473,-0.889,0.746,0.443,3.027,0.807,0.657,-6.078,0.512,0.057,5.23,28.4,56.7,76.1,133,24.409,2.79,30,1.89,-0.411,0.25,-0.013,0.392,-0.212,-0.102,-2.817,0.117,-0.482,3.828,12.867,25.22,34.7,69.533,12.296,2.346,14,1.801,-2.472,0.097,0.214,0.592,0.064,0.075,-6.635,-0.003,0.321,,,,,,,,,,,,,,,,,,,81.968,60.249,33.708,8.835,,,,
E44,1.45,4.06,7.77,11.1,28.7,4.061,2.262,3,2.59,,,,,,,,,,3.76,14.2,25.8,33.7,57.2,13.014,2.327,6.84,3.772,-2.725,-0.759,-0.633,0.385,-0.324,-0.2,-6.831,-1.065,-1.087,13,56,91.5,114,174,51.086,2.337,42.67,2.144,2.245,-0.787,0.412,3.583,-0.543,0.127,-0.638,-1.158,0.439,,,,,,,,,,,,,,,,,,,125.001,105.706,100.687,1.757,,,,
E45,1.87,5.2,11.5,18.3,50.4,5.448,2.434,11,1.045,-2.232,0.583,-0.336,-2.087,0.487,-0.131,-4.384,0.434,-0.559,5.56,46.1,79.6,99.8,148,35.349,2.905,34,2.341,1.432,-0.04,0.591,0.303,-0.145,-0.119,6.003,0.341,2.121,4.15,15.2,28.5,37.9,66.4,14.041,2.346,15.1,1.887,-3.725,0.241,-0.139,-1.494,0.045,0.076,-5.665,0.396,0.136,,,,,,,,,,,,,,,,,,,61.238,88.907,48.239,11.73,,,,
E46,2.46,13.2,43.3,64.4,122,13.133,3.559,24.74,1.75,-0.389,0.224,-0.272,-0.162,-0.396,-0.164,1.411,0.222,-0.369,4.73,39.7,89.2,119,192,30.781,3.472,32.019,2.786,3.366,-0.554,-0.408,1.252,-0.154,-0.208,10.893,-0.891,-0.852,8.29,35,62.5,86.2,214,33.27,2.526,57.52,1.087,3.402,-0.25,-0.05,0.47,0.114,-0.006,4.322,-0.51,-0.211,,,,,,,,,,,,,,,,,,,42.782,35.464,56.951,17.976,,,,
E47,2.42,6.69,13.4,19.5,48.6,6.742,2.245,19.24,0.696,-1.127,0.572,-0.091,1.821,-0.002,-0.071,-5.635,0.543,-0.163,9.74,48.8,85.6,110,179,43.185,2.521,41.208,2.077,-0.472,0.332,0.063,1.239,0.279,-0.053,-3.134,0.183,0.338,3.52,15.4,32.4,45.9,94.8,14.109,2.689,33,0.982,1.777,0.011,0.106,1.46,-0.078,-0.355,2.319,-0.111,0.671,,,,,,,,,,,,,,,,,,,37.208,85.447,75.52,9.036,,,,
E48,2.81,9.23,20.9,31.2,70.8,9.3,2.529,11,1.9,-2.643,0.79,-0.207,-0.287,0.698,-0.082,-5.927,0.354,-0.072,3.63,18.4,42.4,60.1,110,16.461,2.945,25,1.696,0.706,-0.022,-0.175,0.17,0.081,-0.189,-0.285,-0.187,-0.325,2.66,8.1,16.4,22.7,43.8,7.951,2.285,14.25,1.151,-0.295,0.539,-0.317,1.402,0.483,0.205,-2.703,0.183,-0.887,,,,,,,,,,,,,,,,,,,43.744,52.304,17.214,12.911,,,,
E49_1,2.82,34.1,86,117,200,23.893,4.253,34,2.529,-0.171,-0.269,-0.271,-1.416,-0.747,-0.093,4.725,-0.25,-0.272,7.03,89.1,158,208,404,63.914,3.44,93.5,1.69,9.169,-0.518,-0.071,2.083,-0.453,-0.099,20.518,-0.099,0.217,5.16,30.9,62.8,90.8,219,26.9,2.981,91,0.69,0.087,-0.539,-0.139,-2.659,-0.193,-0.215,3.274,-0.638,0.054,,,,,,,,,,,,,,,,,,,46.207,48.541,42.159,18.105,,,,
E49_2,2.18,6.28,12.9,18.6,44.8,6.309,2.292,9.58,1.347,,,,,,,,,,2.41,8.03,17.6,25.4,57.8,7.921,2.487,13.5,1.304,3.652,-0.582,-0.43,6.052,-0.314,-0.142,0.446,-0.542,-1.078,2.25,8.94,21.3,30.2,56.2,8.563,2.729,15,1.42,2.079,-0.412,-0.28,4.32,-0.203,-0.104,0.266,-0.262,-0.55,,,,,,,,,,,,,,,,,,,22.048,24.382,5.171,8.736,,,,
E50,1.65,4.37,9,14.7,79.7,4.549,2.407,6.854,1.313,,,,,,,,,,6.34,32.1,64.1,87.2,166,28.315,2.735,22.2,2.887,1.528,-0.023,0.152,3.042,-0.263,-0.073,0.422,0.09,0.086,3.09,10,20.2,28,59.8,9.716,2.341,11.95,1.69,-0.879,-0.772,-0.253,2.315,-0.662,0.025,-3.736,-0.617,-0.457,,,,,,,,,,,,,,,,,,,57.184,93.641,65.05,8.477,,,,
E51,3.44,15.8,33,45.7,88.6,14.254,2.707,10.9,3.028,-0.009,-0.083,-0.009,1.473,-0.567,-0.039,-1.573,-0.047,0.293,6.36,53.6,102,137,250,41.999,3.157,32.5,3.138,3.369,1.174,0.823,1.002,0.373,0.095,4.326,1.524,0.827,4.17,23.7,60.3,88,160,21.572,3.234,18.36,3.284,1.14,0.814,0.545,2.291,-0.241,0.177,1.254,1.336,0.739,,,,,,,,,,,,,,,,,,,53.291,53.379,32.633,9.393,,,,
E52,3.53,14.1,31.1,44.4,87.9,13.355,2.658,18,1.728,-1.053,0.008,-0.015,-0.562,-0.216,0.011,-3.668,-0.047,0.388,5.97,49.3,89,114,181,37.164,3.038,79,1.127,5.939,1.385,0.79,-3.03,0.637,-0.226,8.25,1.647,1.095,5.27,31.2,65.1,89,160,26.664,2.958,53.87,1.208,-0.578,0.772,0.389,-0.725,-0.219,-0.077,4.247,1.431,1.004,,,,,,,,,,,,,,,,,,,60.961,47.132,25.519,6.933,,,,
E53,2.71,11.7,25.9,36,69.2,10.798,2.71,7.758,3.338,-2.298,0.428,-0.054,1.417,-0.318,0.024,-7.724,0.951,0.118,4.98,62.4,114,146,237,41.74,3.591,60.5,1.884,2.139,0.861,0.318,-1.055,0.034,-0.027,4.188,1.123,0.057,3.55,12.5,25.6,35.9,73,11.928,2.444,14,1.829,-2.599,0.17,0.188,-0.738,-0.388,0.146,-4.758,0.285,0.371,,,,,,,,,,,,,,,,,,,105.101,92.359,30.633,20.584,,,,
E55_1,3.11,15.4,31.4,42.8,77.8,13.412,2.732,37.435,0.839,-2.598,0.209,0.22,-1.775,-0.103,-0.119,-1.244,0.035,0.712,5.2,28.4,63.6,90.5,183,25.389,3.005,31.5,2.019,0.535,0.19,0.544,-0.158,0.412,-0.02,0.929,-0.127,0.797,3.23,9.84,18.3,24.3,43.2,9.44,2.18,15.021,1.218,-2.173,0.09,-0.222,0.189,0.278,0.157,-4.789,-0.143,-0.485,,,,,,,,,,,,,,,,,,,41.498,61.725,30.508,15.918,,,,
E55_2,3.51,20.1,42.2,56.9,97.7,16.939,2.918,12.26,3.442,-4.684,0.063,0.048,-1.933,-0.021,0.139,-8.672,-0.131,0.068,5.5,36.5,76.3,103,170,30.172,3.059,20,3.815,-4.324,0.276,0.502,-2.231,0.533,0.222,-6.263,0.212,0.722,2.3,7.92,16.3,22.8,45,7.611,2.429,12.55,1.299,-3.807,0.279,0.009,-1.879,0.532,0.229,-5.818,-0.101,-0.145,,,,,,,,,,,,,,,,,,,29.373,66.973,42.859,11.809,,,,
E56,1.99,18.1,76.9,113,210,16.388,4.905,20.25,3.798,2.514,-0.182,-0.187,0.041,-0.35,0.06,19.26,-0.084,-0.36,2.5,32,90.4,124,216,22.724,4.566,36.47,2.479,1.636,-0.354,-0.164,-0.246,0.02,0.046,6.697,-0.657,-0.697,4.94,21.6,41,55.3,98,19.616,2.54,47.87,0.856,0.39,-0.069,-0.035,0.11,-0.551,0.247,1.176,-0.043,-0.279,,,,,,,,,,,,,,,,,,,39.812,36.773,50.161,31.945,,,,
E57,4.73,22.8,45.7,62.2,110,20.295,2.694,27,1.693,-3.728,0.22,0.567,-1.146,0.188,0.069,-7.246,0.113,0.572,3.88,45.3,87.6,116,195,30.582,3.638,15.68,5.587,-4.915,-0.091,0.166,-1.325,0.113,0.044,-7.521,-0.054,0.688,2.81,8.05,16,22.9,60.9,8.032,2.25,8,2,-3.139,0.58,0.06,0.049,0.573,0.467,-5.852,0.293,-0.453,,,,,,,,,,,,,,,,,,,56.578,72.283,25.274,24.792,,,,
E58,3.9,23.9,47.5,63.4,107,19.693,2.896,50.42,0.942,-0.757,0.115,0.234,0.78,-0.196,-0.081,-0.448,0.328,0.761,3.87,15.6,31.6,43.9,83.8,14.421,2.546,25.61,1.234,-2.834,0.101,-0.094,0.644,-0.158,-0.306,-6.607,0.506,-0.133,3.33,11.9,23.6,32.4,61.1,11.239,2.399,25,0.944,-1.553,0.157,-0.108,-2.978,0.44,0.077,-1.864,0.071,-0.04,,,,,,,,,,,,,,,,,,,43.066,35.537,8.67,9.768,,,,
E59,2.94,18.5,38.7,52.9,94.8,15.388,3.006,29,1.334,0.032,-0.206,-0.145,-0.302,-0.084,-0.028,2.333,0.08,0.226,4.87,24.3,47.1,63.1,108,21.453,2.668,18.65,2.525,0.132,0.336,0.262,0.603,0.075,-0.014,-1.724,0.499,0.117,3.1,9.57,18.9,27,68.9,9.403,2.318,12.54,1.507,-0.583,-0.093,-0.354,-0.01,-0.035,0.02,0.121,0.227,-0.349,,,,,,,,,,,,,,,,,,,41.471,41.487,29.453,12.913,,,,
E60,1.94,10.1,42.3,60.7,108,10.818,3.877,44,0.961,-2.719,0.448,0.254,-3.327,-0.312,-0.236,-0.736,1.41,0.956,3.55,35.8,76.4,99.9,159,25.108,3.64,71.61,1.067,-3.401,0.792,0.398,-6.406,-0.393,-0.212,0.25,1.67,1.979,4.37,18.3,34.7,46.1,80,16.54,2.478,38,0.913,0.632,0.631,0.364,-2.014,-0.059,-0.034,4.119,0.936,1.1,,,,,,,,,,,,,,,,,,,35.017,43.434,37.613,22.479,,,,
E61,2.56,21.1,62.4,89.4,171,17.534,3.978,14,4.457,0.482,-0.849,-0.402,0.618,-0.569,-0.188,1.117,-1.225,-0.661,1.52,15.4,149,232,446,18.272,7.343,21.217,7.023,-0.743,-0.682,-0.25,-0.44,-0.545,-0.035,2.151,-0.934,-0.764,4,17.4,33,44.1,77.8,15.703,2.521,36.25,0.91,1.46,-0.568,-0.061,-0.038,-0.628,-0.06,4.107,-0.793,-0.188,,,,,,,,,,,,,,,,,,,47.65,74.024,46.239,53.608,,,,
E62,2.33,7.6,23.4,44,105,8.774,3.08,11.07,2.114,0.748,-0.573,-0.209,4.462,-0.157,0.074,-4.306,-0.976,-0.644,3.36,13.5,31,53.9,150,13.393,2.898,21,1.476,-2.572,-0.383,-0.301,-0.516,-0.216,0.095,-1.078,-0.287,-0.683,7.11,23.5,38.5,48.1,73.9,21.731,2.141,33.301,1.156,1.782,-0.434,0.005,2.905,-0.493,-0.096,4.079,-0.155,0.298,,,,,,,,,,,,,,,,,,,51.107,24.381,58.961,18.413,,,,
E63,2.31,32.4,110,160,314,23.541,5.267,56.211,1.957,1.353,-0.645,-0.206,-0.682,-0.377,0.035,7.304,-0.86,-0.065,3.91,63,160,224,403,43.102,4.696,88,1.818,-2.519,-0.251,-0.046,-11.584,-0.314,0.046,-0.288,-0.555,0.147,9.11,36.5,59.9,75,116,33.199,2.278,123.928,0.483,1.118,-0.159,0.096,-1.153,0.218,-0.044,6.049,-0.416,0.512,,,,,,,,,,,,,,,,,,,37.905,45.514,69.575,38.895,,,,
E64,2.06,10.1,39.5,64.5,163,10.979,3.841,10.79,3.661,-2.587,-0.754,-0.337,0.036,-0.306,0.091,-4.458,-0.906,-0.716,2.5,13.5,84.9,168,389,17.468,5.041,9.26,9.168,0.514,-0.224,-0.221,4.291,0.09,0.169,-3.692,-0.609,-0.961,4.79,18.6,34.9,47.5,87,17.328,2.45,23,1.517,-0.319,-0.52,-0.554,-0.245,-0.306,-0.215,-0.001,-0.582,-0.497,,,,,,,,,,,,,,,,,,,52.474,52.044,47.03,34.317,,,,
E65_1,2.5,9.9,33.5,52.9,107,10.934,3.257,8.99,3.726,-1.925,-0.763,-0.351,0.93,-0.131,0.13,-5.744,-1.281,-0.866,2.75,15.7,53.7,96.2,218,16.201,3.883,21,2.557,0.461,-0.198,-0.152,3.246,-0.055,0.263,0.155,-0.345,-0.593,3.42,21.7,40.6,53.5,91.1,17.963,2.81,38.939,1.043,2.23,0.363,0.158,-0.285,0.401,0.327,5.977,0.545,-0.067,,,,,,,,,,,,,,,,,,,65.597,24.055,16.461,16.241,,,,
E65_2,2.24,6.19,12,16.9,35.8,6.161,2.189,12,1,-2.665,-0.412,-0.256,1.888,0.038,0.114,-8.856,-0.471,-0.559,3.57,19.7,42.8,58.1,102,16.628,2.937,19.59,2.185,-6.195,-0.19,-0.263,-5.774,0.236,0.224,-8.912,-0.311,-0.919,3.22,12.7,27.5,37.8,67.3,11.883,2.583,14,1.964,0.507,0.753,-0.461,1.697,0.804,-0.089,-1.034,0.957,-0.753,,,,,,,,,,,,,,,,,,,22.636,56.136,22.904,14.566,,,,
E66,3.87,17.9,36.4,49.8,89.6,15.963,2.665,12,3.033,-2.853,0.441,0.235,0.876,0.435,0.284,-6.889,0.607,0.221,7.26,59.7,104,132,211,46.114,2.927,24.03,4.328,-3.002,0.082,0.649,0.217,-0.27,0.172,-4.942,-0.004,0.963,2.16,7.8,19.3,29.6,60.7,7.912,2.758,17.32,1.114,-2.004,0.36,-0.236,-2.308,0.28,-0.088,0.964,0.002,-0.412,,,,,,,,,,,,,,,,,,,33.899,84.137,58.594,4.782,,,,
E67,1.86,4.08,6.96,9.14,21.8,4.084,1.86,13.75,0.506,-1.004,-0.431,-0.233,1.822,0.062,0.223,-6.035,-0.813,-0.91,2.08,5.44,11.7,21.6,415,5.776,2.596,21.06,0.556,1.069,0.021,-0.194,4.19,0.219,-0.135,-3.037,-0.245,-0.949,2.18,5.64,10.8,15,29.8,5.655,2.109,24,0.45,4.062,0.878,-0.052,7.666,1.228,0.352,1.949,0.571,-0.453,,,,,,,,,,,,,,,,,,,26.924,25.635,8.025,17.109,,,,
E68,1.97,4.73,8.36,11.1,20.9,4.698,1.961,7.75,1.079,-0.35,-0.437,-0.199,3.783,0.066,0.253,-6.14,-0.609,-0.775,2.38,11.7,27.3,39.5,79.6,10.791,2.969,21.281,1.283,1.387,0.052,-0.103,2.167,0.385,0.483,-1.119,-0.236,-0.959,,,,,,,,,,,,,,,,,,,,,,,,,,,,,,,,,,,,,65.915,75.113,13.329,28.893,,,,
E69,2.87,9.97,23.4,34,66.8,9.988,2.595,10.793,2.168,-1.397,0.025,-0.016,2.757,0.598,0.198,-6.211,-0.555,-0.441,3.99,17.7,35.6,47.8,82.4,15.687,2.6,20.717,1.718,-0.349,-0.144,-0.324,2.156,0.165,-0.37,-3.155,-0.452,-0.431,,,,,,,,,,,,,,,,,,,,,,,,,,,,,,,,,,,,,44.541,29.243,23.089,0.157,,,,
E70,1.95,4.48,7.77,10.3,19,4.462,1.907,13.94,0.557,0.693,-0.578,-0.24,4.737,-0.199,0.12,-5.264,-0.81,-0.822,2.36,6.12,11.1,14.9,26.4,6.022,2.033,46.796,0.237,0.263,0.24,-0.062,-0.858,0.463,0.197,0.793,0.134,-0.442,,,,,,,,,,,,,,,,,,,,,,,,,,,,,,,,,,,,,76.502,24.957,13.453,4.54,,,,
E71,2.55,9.3,23.2,34.1,70.3,9.324,2.721,8.5,2.729,-4.566,-0.189,-0.283,-1.282,0.311,0,-9.317,-0.453,-0.811,3.55,17,38.4,54.1,100,15.362,2.855,28.63,1.341,-0.64,-0.022,0.083,3.131,0.273,0.315,-3.246,0.324,1.147,,,,,,,,,,,,,,,,,,,,,,,,,,,,,,,,,,,,,76.671,34.896,23.184,3.383,,,,
E73,2.43,47.5,109,153,304,27.522,5.03,31.7,3.438,1.286,-0.728,-0.328,1.658,-0.324,-0.182,5.522,-1.065,0.079,4.1,97.9,194,255,419,53.127,4.862,58.39,3.322,2.756,-0.294,-0.169,2.087,-0.231,0.044,14.595,-0.318,-0.523,,,,,,,,,,,,,,,,,,,,,,,,,,,,,,,,,,,,,41.897,39.673,36.167,2.395,,,,
E74_1,5.78,31.5,56.5,72.7,114,27.02,2.598,35.771,1.579,-3.647,0.599,0.37,-2.456,0.545,0.12,-4.785,0.547,0.662,,,,,,,,,,,,,,,,,,,,,,,,,,,,,,,,,,,,,,,,,,,,,,,,,,,,,,,,,,,,,,
E74_2,3.21,19.5,43.6,59.2,100,16.299,3.073,13.92,3.132,-4.504,-0.348,-0.006,-0.506,-0.234,-0.164,-9.921,-0.178,-0.063,,,,,,,,,,,,,,,,,,,,,,,,,,,,,,,,,,,,,,,,,,,,,,,,,,,,,,,,,,,,,,
E75,3.27,78,176,252,492,43.255,5.35,52.978,3.322,12.679,-0.738,-0.1,-0.544,-0.204,-0.079,39.976,-1.019,1.098,,,,,,,,,,,,,,,,,,,,,,,,,,,,,,,,,,,,,,,,,,,,,,,,,,,,,,,,,,,,,,
E77,2.87,28,59,79.1,134,19.99,3.573,24,2.458,2.887,0.377,0.877,-0.623,0.329,0.197,2.763,0.513,1.171,,,,,,,,,,,,,,,,,,,,,,,,,,,,,,,,,,,,,,,,,,,,,,,,,,,,,,,,,,,,,,
E78_1,3.86,18,38.2,53,95.2,16.258,2.733,20,1.91,-0.36,0.245,-0.071,-1.757,0.156,-0.13,0.401,0.514,0.027,,,,,,,,,,,,,,,,,,,,,,,,,,,,,,,,,,,,,,,,,,,,,,,,,,,,,,,,,,,,,,
E78_2,2.32,21.7,62.4,90.4,166,17.309,4.173,16,3.9,23.554,-0.635,-0.353,8.22,0.122,0.104,38.337,-1.151,-0.901,,,,,,,,,,,,,,,,,,,,,,,,,,,,,,,,,,,,,,,,,,,,,,,,,,,,,,,,,,,,,,
E79,3.09,17.7,39.3,53.1,88.6,15.11,2.995,18.5,2.124,3.764,0.095,-0.117,6.08,0.62,0.263,-1.041,-0.258,-0.823,,,,,,,,,,,,,,,,,,,,,,,,,,,,,,,,,,,,,,,,,,,,,,,,,,,,,,,,,,,,,,
E80,4.24,18.2,35.5,47.8,85,16.349,2.535,18.5,1.919,-5.888,0.208,-0.104,-4.056,0.826,0.099,-12.407,0.047,-0.647,,,,,,,,,,,,,,,,,,,,,,,,,,,,,,,,,,,,,,,,,,,,,,,,,,,,,,,,,,,,,,
E81,4.99,26.7,51.4,68.1,115,22.9,2.718,30,1.713,-5.281,0.255,0.199,-2.108,0.113,0.097,-8.548,1.051,0.473,,,,,,,,,,,,,,,,,,,,,,,,,,,,,,,,,,,,,,,,,,,,,,,,,,,,,,,,,,,,,,
E82,15.7,219,371,471,738,174.874,3.281,160.5,2.312,4.118,1.42,1.253,-3.208,0.128,-0.01,7.18,2.89,2.989,,,,,,,,,,,,,,,,,,,,,,,,,,,,,,,,,,,,,,,,,,,,,,,,,,,,,,,,,,,,,,
E83,3.56,17.1,39.9,57.6,137,15.553,2.932,18,2.217,-5.374,-0.308,0.03,-2.331,-0.077,-0.058,-10.151,-0.193,1.015,,,,,,,,,,,,,,,,,,,,,,,,,,,,,,,,,,,,,,,,,,,,,,,,,,,,,,,,,,,,,,
E84,5.14,25.3,47.9,62.6,98.7,21.916,2.605,125,0.383,-2.679,0.956,0.442,-7.371,-0.114,-0.2,-0.258,2.068,1.191,,,,,,,,,,,,,,,,,,,,,,,,,,,,,,,,,,,,,,,,,,,,,,,,,,,,,,,,,,,,,,
E85,4.27,22.5,42.8,56.7,95.2,19.359,2.675,29,1.476,-6.473,0.627,0.402,-4.499,-0.252,-0.22,-10.606,0.705,0.377,,,,,,,,,,,,,,,,,,,,,,,,,,,,,,,,,,,,,,,,,,,,,,,,,,,,,,,,,,,,,,
E86,2.08,46.9,137,205,414,27.496,6.075,19,7.211,3.648,-0.95,-0.187,3.48,-0.29,0.154,2.338,-1,-0.677,,,,,,,,,,,,,,,,,,,,,,,,,,,,,,,,,,,,,,,,,,,,,,,,,,,,,,,,,,,,,,
E87,3.34,23.6,52,70.6,121,18.779,3.236,30.5,1.705,-4.361,0.895,0.955,-2.639,1.351,0.361,-8.982,0.78,1.824,,,,,,,,,,,,,,,,,,,,,,,,,,,,,,,,,,,,,,,,,,,,,,,,,,,,,,,,,,,,,,
E88,4.65,67.1,123,159,262,44.481,3.701,22,5.591,2.534,-1.252,-0.297,-0.801,-0.371,-0.065,4.58,-1.559,-0.84,,,,,,,,,,,,,,,,,,,,,,,,,,,,,,,,,,,,,,,,,,,,,,,,,,,,,,,,,,,,,,
E90,10.6,38.3,64.3,81.2,123,35.401,2.255,16.5,3.897,-4.071,-0.174,0.097,1.121,-0.343,0.036,-9.631,0.24,0.243,,,,,,,,,,,,,,,,,,,,,,,,,,,,,,,,,,,,,,,,,,,,,,,,,,,,,,,,,,,,,,
E91,4.41,25.2,50.9,67.9,111,21.166,2.851,17,2.994,-5.616,-0.243,0.087,-0.909,-0.131,0.115,-11.712,-0.006,0.288,,,,,,,,,,,,,,,,,,,,,,,,,,,,,,,,,,,,,,,,,,,,,,,,,,,,,,,,,,,,,,
E94,6.73,98.9,179,230,360,68.751,3.606,111,1.613,17.872,-0.736,-0.294,-1.073,-0.366,-0.106,38.845,-0.192,-0.683,,,,,,,,,,,,,,,,,,,,,,,,,,,,,,,,,,,,,,,,,,,,,,,,,,,,,,,,,,,,,,
